<?xml version="1.0" encoding="UTF-8"?>
<files psalm-version="5.15.0@5c774aca4746caf3d239d9c8cadb9f882ca29352">
  <file src="src/Generator.php">
    <InvalidReturnStatement>
      <code>new ChanceGenerator($this, $weight, $default)</code>
      <code>new ValidGenerator($this, $validator, $maxRetries)</code>
    </InvalidReturnStatement>
    <InvalidReturnType>
      <code>self</code>
      <code>self</code>
    </InvalidReturnType>
  </file>
  <file src="src/Provider/Base.php">
    <InvalidArgument>
      <code>[static::class, 'randomDigit']</code>
      <code>static function ($matches) {
            // remove backslashes (that are not followed by another backslash) because they are escape characters
            $match = preg_replace('/\\\(?!\\\)/', '', $matches[1]);
            $randomElement = Base::randomElement(str_split($match));

            //[.] should not be a random character, but a literal .
            return str_replace('.', '\.', $randomElement);
        }</code>
    </InvalidArgument>
    <UndefinedClass>
      <code>\UnitEnum</code>
      <code>\UnitEnum</code>
    </UndefinedClass>
    <UndefinedDocblockClass>
      <code>Closure</code>
    </UndefinedDocblockClass>
    <UndefinedFunction>
      <code>enum_exists($array)</code>
      <code>enum_exists($array)</code>
    </UndefinedFunction>
  </file>
  <file src="src/Provider/Biased.php">
    <InvalidParamDefault>
      <code>callable</code>
    </InvalidParamDefault>
  </file>
  <file src="src/Provider/File.php">
    <FalsableReturnStatement>
      <code>false</code>
    </FalsableReturnStatement>
  </file>
  <file src="src/Provider/PhoneNumber.php">
    <InvalidReturnStatement>
      <code>$imei</code>
    </InvalidReturnStatement>
    <InvalidReturnType>
      <code>int</code>
    </InvalidReturnType>
  </file>
  <file src="src/Provider/ar_SA/Address.php">
    <UndefinedPropertyFetch>
      <code>static::$cityPrefix</code>
    </UndefinedPropertyFetch>
  </file>
  <file src="src/Provider/cs_CZ/Person.php">
    <NonStaticSelfCall>
      <code>static::birthNumber(static::GENDER_FEMALE)</code>
      <code>static::birthNumber(static::GENDER_MALE)</code>
    </NonStaticSelfCall>
  </file>
  <file src="src/Provider/en_SG/Person.php">
    <InvalidArrayOffset>
      <code>$weights[$i]</code>
    </InvalidArrayOffset>
  </file>
  <file src="src/Provider/is_IS/Person.php">
    <InvalidArrayOffset>
      <code>$ref[$i]</code>
    </InvalidArrayOffset>
  </file>
  <file src="src/Provider/ja_JP/Text.php">
    <UndefinedMethod>
      <code>static::split($text)</code>
    </UndefinedMethod>
  </file>
  <file src="src/Provider/pl_PL/Company.php">
    <InvalidArrayOffset>
      <code>$weights[$i]</code>
      <code>$weights[$i]</code>
    </InvalidArrayOffset>
  </file>
  <file src="src/Provider/pl_PL/Person.php">
    <InvalidArrayOffset>
      <code>$high[$i]</code>
      <code>$low[$i]</code>
      <code>$result[$i]</code>
      <code>$weights[$i + 3]</code>
      <code>$weights[$i]</code>
      <code>$weights[$i]</code>
    </InvalidArrayOffset>
    <UndefinedDocblockClass>
      <code>DateTime</code>
    </UndefinedDocblockClass>
  </file>
  <file src="src/Provider/sl_SI/Person.php">
    <NonStaticSelfCall>
      <code>static::lastName()</code>
      <code>static::lastName()</code>
    </NonStaticSelfCall>
  </file>
</files>
